Week Number,Blog Title / Topic,Primary Keyword,Secondary Keywords,Search Intent,Target Audience,Content Type,Publish Date,Status,Internal Linking Plan
Week 1,The Ultimate Guide to B2B SaaS SEO in 2026,b2b saas seo,"enterprise seo, saas marketing",Informational,Marketing Directors,Guide,2026-05-01,Pending,Link to Services & Contact
Week 2,How to Generate High-Quality B2B Leads through Organic Search,b2b organic lead generation,"b2b seo strategy, lead gen seo",Informational,Sales Leaders,Blog,2026-05-08,Pending,Link to Lead Gen Service
Week 3,Case Study: Scaling Organic Traffic 300% for a Fintech Startup,fintech seo case study,"b2b seo results, scaling organic traffic",Commercial,Founders / CEOs,Case Study,2026-05-15,Pending,Link to Pricing & Services
Week 4,Top 10 Technical SEO Mistakes Enterprise Sites Make,enterprise technical seo,"seo mistakes, b2b technical seo",Informational,IT / Web Managers,Industry Insight,2026-05-22,Pending,Link to Tech SEO Audit Service
Week 5,B2B Content Marketing: Quality vs Quantity in 2026,b2b content strategy,"b2b content marketing, seo content",Informational,Content Managers,Blog,2026-05-29,Pending,Link to Content Marketing Service
Week 6,Maximizing ROI with Long-Tail Keywords in B2B Niche Markets,b2b long-tail keywords,"niche seo strategy, b2b seo roi",Commercial,Marketing Directors,Guide,2026-06-05,Pending,Link to Keyword Strategy Page
Week 7,How to Optimize Your B2B Website for Voice and AI Search,ai search optimization b2b,"voice search b2b, ai seo",Informational,CMOs,Industry Insight,2026-06-12,Pending,Link to Tech SEO Service
Week 8,The Role of LinkedIn in Supporting Your B2B SEO Strategy,linkedin seo b2b,"b2b social media, social seo",Informational,Social Media Managers,Blog,2026-06-19,Pending,Link to Social Media Services
Week 9,Building High-Authority Backlinks in the B2B Space,b2b link building,"high authority backlinks, b2b off-page seo",Informational,SEO Specialists,Guide,2026-06-26,Pending,Link to Link Building Service
Week 10,Case Study: Lowering Customer Acquisition Cost (CAC) via SEO,seo cac reduction,"b2b seo roi, organic customer acquisition",Commercial,CFOs / Founders,Case Study,2026-07-03,Pending,Link to Contact Page
Week 11,Structuring Your B2B Pillar Pages for Maximum Impact,b2b pillar pages,"seo topic clusters, b2b site architecture",Informational,Marketing Managers,Blog,2026-07-10,Pending,Link to Content Services
Week 12,Q3 2026 B2B Digital Marketing Trends You Can't Ignore,b2b digital marketing trends,"2026 marketing trends, b2b seo updates",Informational,Marketing Directors,Industry Insight,2026-07-17,Pending,Link to Master Plan Download